76	----------	0.77386
35	TTCTC	0.77386
61	----	0.77386
6	GGCGTTTCGGACAGCCCGGG	2.566932
50	-	5.38146
42	------	5.38146
66	AC	1.52377
40	--------------	2.658115
71	-	2.658115
46	-	3.910718
26	-	3.994564
79	AT	5.38146
9	-----	5.38146
97	T	3.30701
83	AGAGGAA	5.38146
55	---------	1.897842
8	T	2.305067
11	---	3.413029
95	-----------------------	3.500346
67	C	2.940984
82	---	4.301959
62	------	5.38146
18	TTAGAGGCGCCAAGGG	4.009972
73	---------------------------------------------	5.38146
94	--	3.128557
43	-	5.38146
1	CGAG	5.38146
98	------------	4.216073
52	-	2.117813
57	------	5.38146
3	AATTCCAT	5.38146
53	-----------------------	5.38146
69	TGGACCTA	5.38146
30	---	5.38146
58	CA	5.027711
16	-----------	5.38146
36	--	4.546882
38	---	3.279099
64	----	5.38146
4	--------	5.38146
74	--	4.316621
29	GC	4.316621
54	-----------	5.38146
93	AG	5.38146
91	--------	5.38146
85	--	5.38146
13	TATCCGCGATATAAGTAATTTCCATTATTGCGT	5.38146
44	-	5.38146
77	---	5.38146
21	-	5.38146
60	CGAGAGTG	5.38146
59	GGACGC	5.38146
34	GATAT	5.38146
33	CC	5.38146
90	----------	5.38146
92	-------------	5.38146
45	CACTCCAGACTGT	5.38146
